{
	"batch_sizes": [
		2,
		4,
		8,
		16,
		32,
		64,
		128,
		256
	],
	"pfn_cpu": [
		104.27773757080315,
		95.94640384046029,
		147.73139859380927,
		225.89528130733208,
		323.1150221321407,
		640.4274551059173,
		1220.5613968143919,
		2392.693852852497
	],
	"particlenet_cpu": [
		48.40514640745362,
		74.22743538464819,
		103.76003606599726,
		141.61730288435922,
		154.62634783791506,
		154.26433427350696,
		174.65148780485296,
		212.71365825791634
	],
	"pfn_gpu": [
		285.26208509838074,
		686.7405560574388,
		1303.7176104905293,
		2366.558005103473,
		3269.3808362127447,
		3102.633272225079,
		5075.026952793075,
		16344.684569160729
	],
	"particlenet_gpu": [
		235.7480960674121,
		403.0488812696753,
		643.4708702489165,
		946.2553401373877,
		1195.3549405723445,
		1399.5177619348915,
		1597.865856997752,
		1719.6980867842738
	]
}