{
	"batch_sizes": [
		2,
		4,
		8,
		16,
		32,
		64,
		128,
		256,
		512,
		1024
	],
	"pfn_cpu": [
		70.84111990105256,
		91.77693715797777,
		150.8025252558619,
		216.47217603217945,
		390.1315566689921,
		633.6410406174701,
		1268.2508731892547,
		2226.26908463619,
		2473.43225356261,
		3085.640019597376
	],
	"particlenet_cpu": [
		48.89970236766297,
		72.65725381116538,
		99.01739616520129,
		135.43120514118553,
		150.3581743125705,
		155.38749950543345,
		174.87325521537744,
		209.77349408738039,
		262.32254488320086,
		310.2131419801607
	],
	"pfn_gpu": [
		284.85649882812527,
		636.4480457650973,
		1256.9472091965665,
		2118.134104051351,
		3861.6638926012292,
		7160.230228078159,
		10148.195729209769,
		15065.497692067442,
		22205.974864196116,
		27929.45866314352
	],
	"particlenet_gpu": [
		246.7493105168535,
		385.5523931540455,
		652.7620834036103,
		934.7854442346678,
		1202.1783245244947,
		1364.8935444842373,
		1601.0878324629214,
		1718.8971913478276,
		1748.0076065730502,
		1804.8064391075984
	]
}