{
	"batch_sizes": [
		2,
		4,
		8,
		16,
		32,
		64,
		128,
		256
	],
	"pfn_cpu": [
		98.8662554845109,
		86.94168463008232,
		148.0390504992669,
		222.5452021297449,
		351.6958185824679,
		629.3357675688909,
		1267.2774146442182,
		2393.0045242449028
	],
	"particlenet_cpu": [
		48.40514640745362,
		74.22743538464819,
		103.76003606599726,
		141.61730288435922,
		154.62634783791506,
		154.26433427350696,
		174.65148780485296,
		212.71365825791634
	],
	"pfn_gpu": [
		343.8667199017501,
		650.6743819409836,
		1210.7477102570883,
		2228.664074097444,
		4142.915023121018,
		6529.965542196518,
		10463.402651366026,
		14985.730461354664
	],
	"particlenet_gpu": [
		229.4419287042011,
		383.93916003148,
		604.3987935956239,
		943.345778417525,
		1202.572771578447,
		1433.8489807342644,
		1587.0373438679617,
		1699.4299051800315
	]
}