{
	"batch_sizes": [
		2,
		4,
		8,
		16,
		32,
		64,
		128,
		256
	],
	"pfn_cpu": [
		31.226,
		23.0336625,
		14.3611125,
		9.8415125,
		9.0632140625,
		4.165378125,
		2.281409375,
		1.9985519531250002
	],
	"pfn_cpu_err": [
		87.21315057527895,
		56.612536523849485,
		42.22107248837508,
		16.728553587175487,
		9.778063760256419,
		4.162525852351187,
		1.2943227245519071,
		1.7450662880279917
	],
	"particlenet_cpu": [
		233.579375,
		1820.2829375000001,
		1078.3581562499999,
		556.86261875,
		574.9956890625,
		592.38967265625,
		542.45477109375,
		433.1657009765625
	],
	"particlenet_cpu_err": [
		169.21424507392504,
		84.41670820283744,
		16.50962485388293,
		19.274062618800663,
		12.532196164382553,
		6.002612659085058,
		4.758098131961043,
		2.254848264937113
	],
	"pfn_gpu": [
		22.861325,
		11.188962499999999,
		5.8287625,
		3.3889875,
		1.8148453125000001,
		0.96063046875,
		0.539919140625,
		0.255141796875
	],
	"pfn_gpu_err": [
		0.2186436164838546,
		0.08870101055106591,
		0.05922369679271912,
		0.0354551991951433,
		0.01771134092117057,
		0.008601223170694155,
		0.008778821254156391,
		0.0024373804362909004
	],
	"particlenet_gpu": [
		125.524075,
		109.159325,
		84.28206875000001,
		63.944553125,
		56.5310328125,
		53.060040625,
		51.073613281250005,
		50.123301562500004
	],
	"particlenet_gpu_err": [
		0.1521770497258378,
		0.147279758979767,
		0.06568298478395491,
		0.2914553991072205,
		0.015540086672577525,
		0.010550207546171416,
		0.009493964902577333,
		0.007324202270597685
	]
}