{
	"pt1eta1": {
		"improvement": {
			"Baseline": 0.0,
			"PFN": 35.55497716970169,
			"ParticleNet": 36.0872329384297
		},
		"median": {
			"Baseline": {
				"u": 1.0181592814085771,
				"d": 1.0212229069010377,
				"s": 1.0011183523486313,
				"c": 1.0016633848522192,
				"b": 0.998866164812917,
				"g": 0.9959226287134179
			},
			"PFN": {
				"u": 1.0057284403629874,
				"d": 1.0079890608084674,
				"s": 0.9906467254802926,
				"c": 0.997582958100063,
				"b": 0.993653957163799,
				"g": 0.99322596907683
			},
			"ParticleNet": {
				"u": 1.006592738939784,
				"d": 1.008471626599225,
				"s": 0.9920419285889267,
				"c": 0.9981132494041085,
				"b": 0.9944966488250914,
				"g": 0.9935836706665793
			}
		},
		"median_error": {
			"Baseline": {
				"u": 0.0006570052982793963,
				"d": 0.0005618342375889422,
				"s": 0.0010253190211042857,
				"c": 0.0006046674540661041,
				"b": 0.0010147576059409988,
				"g": 0.00029654165869264274
			},
			"PFN": {
				"u": 0.0007099358839285656,
				"d": 0.0007216822043898881,
				"s": 0.0008202045940644094,
				"c": 0.0007050371172877358,
				"b": 0.0009614604864795359,
				"g": 0.0002513911072651438
			},
			"ParticleNet": {
				"u": 0.00047366121405017613,
				"d": 0.0004812946699946963,
				"s": 0.0010587110986817806,
				"c": 0.0006227694311075843,
				"b": 0.00124886922850415,
				"g": 0.0002966571228200354
			}
		}
	},
	"pt1eta2": {
		"improvement": {
			"Baseline": 0.0,
			"PFN": 40.64440119762881,
			"ParticleNet": 39.48075264805101
		},
		"median": {
			"Baseline": {
				"u": 1.0283552316655167,
				"d": 1.0291040581788562,
				"s": 1.0124249392959404,
				"c": 1.0052929341031893,
				"b": 1.000489566177975,
				"g": 0.9950366874809335
			},
			"PFN": {
				"u": 1.0086891933714648,
				"d": 1.0060130020705516,
				"s": 0.9931288688570705,
				"c": 0.9961928545372157,
				"b": 0.9920595922313404,
				"g": 0.9865321219486884
			},
			"ParticleNet": {
				"u": 1.0092645370410385,
				"d": 1.0078880799154812,
				"s": 0.9938012110849036,
				"c": 0.9971493660936381,
				"b": 0.9937762741869821,
				"g": 0.9868819177094035
			}
		},
		"median_error": {
			"Baseline": {
				"u": 0.0014192572693958476,
				"d": 0.0006878830248910816,
				"s": 0.0022077444524493746,
				"c": 0.0013986737720838116,
				"b": 0.0021505210746161217,
				"g": 0.000509775347177501
			},
			"PFN": {
				"u": 0.0008714797730825119,
				"d": 0.0005689241466777845,
				"s": 0.0012347623445099398,
				"c": 0.0009778452199949283,
				"b": 0.0019558402762659866,
				"g": 0.0007616723285218373
			},
			"ParticleNet": {
				"u": 0.001154608376003547,
				"d": 0.0007875695579876906,
				"s": 0.001808266883387775,
				"c": 0.0012376769316624048,
				"b": 0.0017328420544224707,
				"g": 0.00040232574295130094
			}
		}
	},
	"pt2eta1": {
		"improvement": {
			"Baseline": 0.0,
			"PFN": 8.044267008150497,
			"ParticleNet": 6.709651495002877
		},
		"median": {
			"Baseline": {
				"u": 1.0348705684134663,
				"d": 1.038650600313207,
				"s": 1.016131738097248,
				"c": 1.015663235140718,
				"b": 1.0054625521051799,
				"g": 1.006187816466967
			},
			"PFN": {
				"u": 1.018132182973791,
				"d": 1.0234780606208578,
				"s": 0.9980201304294822,
				"c": 1.0041157825000142,
				"b": 0.990739985952739,
				"g": 0.995081211605793
			},
			"ParticleNet": {
				"u": 1.02125092688262,
				"d": 1.0248008970231615,
				"s": 1.0006541328313543,
				"c": 1.0049175586533288,
				"b": 0.9939115191538506,
				"g": 0.9959744388967502
			}
		},
		"median_error": {
			"Baseline": {
				"u": 0.0019347541028558325,
				"d": 0.001958063597166456,
				"s": 0.0025849631303226754,
				"c": 0.0019028360858628793,
				"b": 0.003166410363096715,
				"g": 0.0007890981427741985
			},
			"PFN": {
				"u": 0.002292110501371421,
				"d": 0.0018359847640815551,
				"s": 0.0028539115559943233,
				"c": 0.0020804971529377724,
				"b": 0.0029542869641666033,
				"g": 0.0006987647227047975
			},
			"ParticleNet": {
				"u": 0.0023645460707784004,
				"d": 0.001915797882536175,
				"s": 0.0023038110438151275,
				"c": 0.0014685364589154964,
				"b": 0.0027163048765903764,
				"g": 0.0005695968398574422
			}
		}
	},
	"pt2eta2": {
		"improvement": {
			"Baseline": 0.0,
			"PFN": 12.009633788823859,
			"ParticleNet": 17.97488209284538
		},
		"median": {
			"Baseline": {
				"u": 1.0572960343384272,
				"d": 1.0596880887992972,
				"s": 1.0343991570274118,
				"c": 1.0254128148493924,
				"b": 1.0182257733261082,
				"g": 1.0106088666644388
			},
			"PFN": {
				"u": 1.0266832620354815,
				"d": 1.02571076839204,
				"s": 1.000213491857021,
				"c": 0.9985386696886976,
				"b": 0.9918171280110741,
				"g": 0.9860135186594166
			},
			"ParticleNet": {
				"u": 1.0248154555554114,
				"d": 1.0267413144283442,
				"s": 1.0030392393652745,
				"c": 1.0001433347604936,
				"b": 0.9944122424035032,
				"g": 0.9860050605586193
			}
		},
		"median_error": {
			"Baseline": {
				"u": 0.0029781114119591056,
				"d": 0.002721423454666447,
				"s": 0.003711971538541889,
				"c": 0.0028937737205425563,
				"b": 0.0038437966826787334,
				"g": 0.0009889803226242003
			},
			"PFN": {
				"u": 0.0028846652618630003,
				"d": 0.0031677340195989385,
				"s": 0.003535721898114259,
				"c": 0.0027191554409943686,
				"b": 0.003793606144983343,
				"g": 0.0010947710399708524
			},
			"ParticleNet": {
				"u": 0.002489447686065346,
				"d": 0.002905124820917594,
				"s": 0.0037049221842015284,
				"c": 0.0038881316381970264,
				"b": 0.004204711142001972,
				"g": 0.0010333946863301038
			}
		}
	},
	"pt3eta1": {
		"improvement": {
			"Baseline": 0.0,
			"PFN": 23.25081987629002,
			"ParticleNet": 24.5242416565852
		},
		"median": {
			"Baseline": {
				"u": 1.0189067627110502,
				"d": 1.0266595022245657,
				"s": 0.9956655587854206,
				"c": 1.000418816960688,
				"b": 0.996136848363856,
				"g": 0.9922297743406288
			},
			"PFN": {
				"u": 1.0090969403048802,
				"d": 1.0153262288998068,
				"s": 0.9872088570718655,
				"c": 0.9966484416357926,
				"b": 0.9917574994505866,
				"g": 0.9913543395423714
			},
			"ParticleNet": {
				"u": 1.009498219561578,
				"d": 1.0155183248398774,
				"s": 0.9885229031012017,
				"c": 0.9968354036400122,
				"b": 0.9922678278448543,
				"g": 0.991888259364747
			}
		},
		"median_error": {
			"Baseline": {
				"u": 0.0015524304122660276,
				"d": 0.0014856290111777213,
				"s": 0.0016747404367784637,
				"c": 0.0013059125699438124,
				"b": 0.0018840518775855954,
				"g": 0.00046679348093067795
			},
			"PFN": {
				"u": 0.001281459520542743,
				"d": 0.001127946542137408,
				"s": 0.0016551476756010398,
				"c": 0.0015263798806980666,
				"b": 0.0016660581206237454,
				"g": 0.00047189718415088555
			},
			"ParticleNet": {
				"u": 0.0014436645919879514,
				"d": 0.0014489475703260912,
				"s": 0.0018529515265274456,
				"c": 0.0012556064785154402,
				"b": 0.002147326765582966,
				"g": 0.0006069927431640084
			}
		}
	},
	"pt3eta2": {
		"improvement": {
			"Baseline": 0.0,
			"PFN": 49.590466043615145,
			"ParticleNet": 45.06983616423933
		},
		"median": {
			"Baseline": {
				"u": 1.0252935111444788,
				"d": 1.0298509696289917,
				"s": 0.9984723644593699,
				"c": 0.998472873671655,
				"b": 0.9953471031873372,
				"g": 0.9866537602863708
			},
			"PFN": {
				"u": 1.0068083957555984,
				"d": 1.0069187450323485,
				"s": 0.9864979013955353,
				"c": 0.995549080787916,
				"b": 0.9940650017094843,
				"g": 0.9851329741011037
			},
			"ParticleNet": {
				"u": 1.008081455010623,
				"d": 1.0090123561796904,
				"s": 0.986359496022656,
				"c": 0.9972747897499589,
				"b": 0.993833653916062,
				"g": 0.9860775522330018
			}
		},
		"median_error": {
			"Baseline": {
				"u": 0.0019408595139397185,
				"d": 0.0014019844178130717,
				"s": 0.0026593562149835304,
				"c": 0.002547618668284396,
				"b": 0.002643039975734792,
				"g": 0.0008570731562910433
			},
			"PFN": {
				"u": 0.0015353669157742206,
				"d": 0.001442179378799787,
				"s": 0.001963252122837932,