{
	"pt1eta1": {
		"improvement": {
			"Standard": 0.0,
			"PFN": -13.36751681014925
		},
		"median": {
			"Standard": {
				"u": 1.0180120564460886,
				"d": 1.0167587535895646,
				"s": 1.0033173344655704,
				"c": 0.9973746074600587,
				"b": 0.9953067002430894,
				"g": 0.9889438694469248
			},
			"PFN": {
				"u": 0.9754432668595772,
				"d": 0.9734849297554129,
				"s": 0.9739400224825407,
				"c": 0.9870992195781243,
				"b": 1.008967638362881,
				"g": 0.9732495007794925
			}
		},
		"median_error": {
			"Standard": {
				"u": 0.0009368473381904223,
				"d": 0.0006722498643926962,
				"s": 0.0016819595386938213,
				"c": 0.0006738345200614851,
				"b": 0.0006886378863575177,
				"g": 0.0004150523241684724
			},
			"PFN": {
				"u": 0.001487670429490981,
				"d": 0.0014560411617612259,
				"s": 0.002844964583140187,
				"c": 0.0015651966019432151,
				"b": 0.00136621320696208,
				"g": 0.0011550935062630797
			}
		}
	},
	"pt1eta2": {
		"improvement": {
			"Standard": 0.0,
			"PFN": 3.7051245761157703
		},
		"median": {
			"Standard": {
				"u": 1.0374242752009608,
				"d": 1.0327322351380799,
				"s": 1.0264931232128627,
				"c": 0.9850137854747671,
				"b": 0.9864795604542371,
				"g": 0.9797985520396388
			},
			"PFN": {
				"u": 0.9420993205516108,
				"d": 0.9270045799765547,
				"s": 0.9536198409911814,
				"c": 0.9000768058607402,
				"b": 0.8925703484454834,
				"g": 0.8901045368142437
			}
		},
		"median_error": {
			"Standard": {
				"u": 0.0072328397081087,
				"d": 0.004067591725086537,
				"s": 0.01426072009583221,
				"c": 0.004380932732299866,
				"b": 0.00855790637286126,
				"g": 0.003676691381023445
			},
			"PFN": {
				"u": 0.008350794020787136,
				"d": 0.005605911226021844,
				"s": 0.02404196052129927,
				"c": 0.005681444446526036,
				"b": 0.007835841088742688,
				"g": 0.0038893860330666175
			}
		}
	},
	"pt2eta1": {
		"improvement": {
			"Standard": 0.0,
			"PFN": -0.8055030316743705
		},
		"median": {
			"Standard": {
				"u": 1.0405175524060462,
				"d": 1.048694283628247,
				"s": 1.0280179353301815,
				"c": 1.0027937631321948,
				"b": 0.9985858822242749,
				"g": 0.99652890390464
			},
			"PFN": {
				"u": 1.044380886629229,
				"d": 1.0423531925965175,
				"s": 1.0268924568278999,
				"c": 0.9931667463527063,
				"b": 0.997748704160525,
				"g": 1.0024287273755768
			}
		},
		"median_error": {
			"Standard": {
				"u": 0.006330850800902062,
				"d": 0.009700749855187311,
				"s": 0.015236714504240198,
				"c": 0.0059945758381476305,
				"b": 0.007804646811279741,
				"g": 0.007229790872993676
			},
			"PFN": {
				"u": 0.014331908490148015,
				"d": 0.007898678698757936,
				"s": 0.015460201972891456,
				"c": 0.009317349796963201,
				"b": 0.01208607396891644,
				"g": 0.006644239627110397
			}
		}
	},
	"pt2eta2": {
		"improvement": {
			"Standard": 0.0,
			"PFN": 9.40193199301712
		},
		"median": {
			"Standard": {
				"u": 1.054459236506476,
				"d": 1.0491021680310566,
				"s": 1.025376277353961,
				"c": 0.9752020471775575,
				"b": 0.998749215034525,
				"g": 0.9799359493762423
			},
			"PFN": {
				"u": 0.9987273626537827,
				"d": 1.023083469729278,
				"s": 1.0266876250054713,
				"c": 0.9700004978239376,
				"b": 0.9626331022283151,
				"g": 0.9572725132044712
			}
		},
		"median_error": {
			"Standard": {
				"u": 0.018385694866346603,
				"d": 0.010771675821440183,
				"s": 0.0282349302575815,
				"c": 0.005838734896279707,
				"b": 0.016624175940574526,
				"g": 0.012523386581472524
			},
			"PFN": {
				"u": 0.01325819684912439,
				"d": 0.012348183903645399,
				"s": 0.04470108660799103,
				"c": 0.010601999430119056,
				"b": 0.015002492305403294,
				"g": 0.01190498664562096
			}
		}
	},
	"pt3eta1": {
		"improvement": {
			"Standard": 0.0,
			"PFN": 34.6745695290777
		},
		"median": {
			"Standard": {
				"u": 1.0258463491622674,
				"d": 1.034906674545946,
				"s": 0.998506830403876,
				"c": 1.006372340866228,
				"b": 0.9934915805053277,
				"g": 0.9914374996377231
			},
			"PFN": {
				"u": 1.012464702979307,
				"d": 1.0250759283151356,
				"s": 0.9945791209129257,
				"c": 1.003721909293724,
				"b": 1.006513252764772,
				"g": 0.9883980857459953
			}
		},
		"median_error": {
			"Standard": {
				"u": 0.005247449754802128,
				"d": 0.004356719944309415,
				"s": 0.004940827511372549,
				"c": 0.003848992434040652,
				"b": 0.004123185926873342,
				"g": 0.003379663973401906
			},
			"PFN": {
				"u": 0.003948575347424724,
				"d": 0.005878981621986236,
				"s": 0.007068120939156287,
				"c": 0.004582914231107076,
				"b": 0.004417585204999402,
				"g": 0.0030456680254826334
			}
		}
	},
	"pt3eta2": {
		"improvement": {
			"Standard": 0.0,
			"PFN": 32.89909333914611
		},
		"median": {
			"Standard": {
				"u": 1.0472745167978998,
				"d": 1.0325033691308343,
				"s": 1.0283585550990688,
				"c": 0.9923795394326839,
				"b": 0.9744370870045281,
				"g": 0.98432731322282
			},
			"PFN": {
				"u": 0.9535727273823181,
				"d": 0.9363064109707211,
				"s": 0.926363410334198,
				"c": 0.9066451100016129,
				"b": 0.901618821393975,
				"g": 0.9026352254843216
			}
		},
		"median_error": {
			"Standard": {
				"u": 0.013361076502609363,
				"d": 0.00954391953780326,
				"s": 0.02791897168029019,
				"c": 0.007758835754170497,
				"b": 0.011613612007407972,
				"g": 0.00488302066513605
			},
			"PFN": {
				"u": 0.0074063632674381446,
				"d": 0.007728029769713255,
				"s": 0.022685639475099523,
				"c": 0.008413935845253307,
				"b": 0.010368417405611455,
				"g": 0.006244594575702091
			}
		}
	},
	"pt4eta1": {
		"improvement": {
			"Standard": 0.0,
			"PFN": 23.086115291678986
		},
		"median": {
			"Standard": {
				"u": 1.0224996992399074,
				"d": 1.0224803931091537,
				"s": 0.9992759995297127,
				"c": 0.9987507297443581,
				"b": 0.9972074781875369,
				"g": 0.9900591817586415
			},
			"PFN": {
				"u": 0.9945326072539222,
				"d": 0.9979872002013119,
				"s": 0.9802988171804345,
				"c": 0.9896344831440742,
				"b": 1.0070985433633088,
				"g": 0.9760161848928703
			}
		},
		"median_error": {
			"Standard": {
				"u": 0.0021978312843595037,
				"d": 0.0012153893507042565,
				"s": 0.0038034235089723163,
				"c": 0.0015890771214258045,
				"b": 0.0018989568750598321,
				"g": 0.0010204856514286248
			},
			"PFN": {
				"u": 0.0028368006024030415,
				"d": 0.00172295157875197,
				"s": 0.003601258625115475,
				"c": 0.002085034209459001,
				"b": 0.002457668684874213,
				"g": 0.0015463536196088745
			}
		}
	},
	"pt4eta2": {
		"improvement": {
			"Standard": 0.0,
			"PFN": 4.031437148482753
		},
		"median": {
			"Standard": {
				"u": 1.0264926664519385,
				"d": 1.022591176467533,
				"s": 1.024476956989683,
				"c": 0.9892120760395731,
				"b": 0.9878635545125161,
				"g": 0.9759815718835666
			},
			"PFN": {
				"u": 0.8799210727088326,
				"d": 0.8689911469427449,
				"s": 0.8782286240572389,
				"c": 0.8427280590949423,
				"b": 0.8337974648407652,
				"g": 0.8349697490934148
			}
		},
		"median_error": {
			"Standard": {
				"u": 0.013334328054322697,
				"d": 0.005783453819352198,
				"s": 0.026862290097394336,
				"c": 0.00706308436472746,
				"b": 0.00711977170662219,
				"g": 0.0031306734080047407
			},
			"PFN": {
				"u": 0.012148441840047835,
				"d": 0.008492135152006133,
				"s": 0.018376712923140682,
				"c": 0.00843232021367017,
				"b": 0.0100667648549005,
				"g": 0.004287217293411512
			}
		}
	},
	"pt5eta1": {
		"improvement": {
			"Standard": 0.0,
			"PFN": -143.19036062563094
		},
		"median": {
			"Standard": {
				"u": 1.0154468910825298,
				"d": 1.0138500875300545,
				"s": 1.0052719435480728,
				"c": 0.99535850146263,
				"b": 0.9945178528943468,
				"g": 0.9883230114560397
			},
			"PFN": {
				"u": 0.9482469257398077,
				"d": 0.9557637205159697,
				"s": 0.9360627816556375,
				"c": 0.9894609668843645,
				"b": 1.0153454225538745,
				"g": 0.9723523658380712
			}
		},
		"median_error": {
			"Standard": {
				"u": 0.0013314459837449793,