{
	"pt1eta1": {
		"improvement": {
			"Standard": 0.0,
			"PFN-r": -7.731396800295842,
			"ParticleNet-r": -1.7421445974405536
		},
		"median": {
			"Standard": {
				"u": 1.019403918020249,
				"d": 1.0155380458446912,
				"s": 1.000202662864349,
				"c": 1.0082264896236608,
				"b": 1.004954114109846,
				"g": 0.9971022340807452
			},
			"PFN-r": {
				"u": 1.0225876237598537,
				"d": 1.0180694333142541,
				"s": 1.0016519268290214,
				"c": 1.009449387863864,
				"b": 1.0053153905536336,
				"g": 0.999066813798321
			},
			"ParticleNet-r": {
				"u": 1.0081662846930672,
				"d": 1.0016958869565808,
				"s": 0.9894982828466484,
				"c": 0.9970198493464455,
				"b": 0.9903256112338783,
				"g": 0.9854359828407049
			}
		},
		"median_error": {
			"Standard": {
				"u": 0.004555018047122117,
				"d": 0.002979947572217246,
				"s": 0.004589039452738755,
				"c": 0.00437048940880591,
				"b": 0.0065043426195658316,
				"g": 0.0018428691992279952
			},
			"PFN-r": {
				"u": 0.0032133300149223077,
				"d": 0.002829974554049685,
				"s": 0.0056901475039521044,
				"c": 0.003910778478881456,
				"b": 0.005043126220048351,
				"g": 0.0017778108054923197
			},
			"ParticleNet-r": {
				"u": 0.004041876936141013,
				"d": 0.00405092330605378,
				"s": 0.005246584627252039,
				"c": 0.003418215124028865,
				"b": 0.00431663262686896,
				"g": 0.0016356809934619492
			}
		}
	},
	"pt1eta2": {
		"improvement": {
			"Standard": 0.0,
			"PFN-r": 4.10066729928078,
			"ParticleNet-r": -15.738289398556926
		},
		"median": {
			"Standard": {
				"u": 1.0175663876620837,
				"d": 1.0221578422001896,
				"s": 1.0037331871368347,
				"c": 1.0023560555076334,
				"b": 1.008234715763283,
				"g": 0.9979067722415956
			},
			"PFN-r": {
				"u": 1.0165037412832827,
				"d": 1.0220005391027303,
				"s": 1.0034620404913916,
				"c": 1.004681190738916,
				"b": 1.0060687201152607,
				"g": 0.9983352557867627
			},
			"ParticleNet-r": {
				"u": 1.0114199899433691,
				"d": 1.0146036482439413,
				"s": 0.9950662648386432,
				"c": 0.9932351414690243,
				"b": 1.0044277410692715,
				"g": 0.9902855397461189
			}
		},
		"median_error": {
			"Standard": {
				"u": 0.005548922492712711,
				"d": 0.006510097754503595,
				"s": 0.009870031522669874,
				"c": 0.007332054313662547,
				"b": 0.014169378674901815,
				"g": 0.002000662515620072
			},
			"PFN-r": {
				"u": 0.005512344203119988,
				"d": 0.004861389836082729,
				"s": 0.008112423403869262,
				"c": 0.009170391513484038,
				"b": 0.01682577463457587,
				"g": 0.0031959661737172127
			},
			"ParticleNet-r": {
				"u": 0.005347702689499884,
				"d": 0.005336033471862031,
				"s": 0.008514827082126905,
				"c": 0.007722362796197626,
				"b": 0.016492037576488063,
				"g": 0.002820528560265419
			}
		}
	},
	"pt2eta1": {
		"improvement": {
			"Standard": 0.0,
			"PFN-r": -0.3671861982861069,
			"ParticleNet-r": 2.098376900787824
		},
		"median": {
			"Standard": {
				"u": 1.065194012448439,
				"d": 1.0734791064367353,
				"s": 1.02198119281903,
				"c": 1.0175416910642792,
				"b": 1.0165895567922067,
				"g": 1.0195931006585344
			},
			"PFN-r": {
				"u": 1.0636878905529288,
				"d": 1.0728381113104708,
				"s": 1.0196513659156685,
				"c": 1.0159555550675932,
				"b": 1.0169123987439697,
				"g": 1.0181515907558278
			},
			"ParticleNet-r": {
				"u": 1.0605143840399958,
				"d": 1.068729164912144,
				"s": 1.0190686486885907,
				"c": 1.0130776926816758,
				"b": 1.0135047638247867,
				"g": 1.0154264780695348
			}
		},
		"median_error": {
			"Standard": {
				"u": 0.011556409195790988,
				"d": 0.02367674398874994,
				"s": 0.031203297294348783,
				"c": 0.01048173396233907,
				"b": 0.011699514707743115,
				"g": 0.007769241742217586
			},
			"PFN-r": {
				"u": 0.010048458272312625,
				"d": 0.02400085329487748,
				"s": 0.03219044957442887,
				"c": 0.012807102247300523,
				"b": 0.015183542443716953,
				"g": 0.0060087810050089355
			},
			"ParticleNet-r": {
				"u": 0.010222851428765299,
				"d": 0.025733948876778056,
				"s": 0.028786926226394623,
				"c": 0.015309454915078267,
				"b": 0.01640998315518432,
				"g": 0.008607840333615375
			}
		}
	},
	"pt2eta2": {
		"improvement": {
			"Standard": 0.0,
			"PFN-r": 0.8900655542131042,
			"ParticleNet-r": -0.47278632205218774
		},
		"median": {
			"Standard": {
				"u": 1.0438824494197176,
				"d": 1.1146320827045972,
				"s": 1.0368931228961358,
				"c": 1.0822764689844009,
				"b": 1.0898137279083715,
				"g": 1.0418111811565973
			},
			"PFN-r": {
				"u": 1.0415967164578381,
				"d": 1.1118465498213626,
				"s": 1.033674698017132,
				"c": 1.0804889327831886,
				"b": 1.0856866888698964,
				"g": 1.0400761446548228
			},
			"ParticleNet-r": {
				"u": 1.0408527923639017,
				"d": 1.1110436619472106,
				"s": 1.0334703751625958,
				"c": 1.0786059882080465,
				"b": 1.0867735654586799,
				"g": 1.0371885116453736
			}
		},
		"median_error": {
			"Standard": {
				"u": 0.024436318864966073,
				"d": 0.027156685900924054,
				"s": 0.02878598280218792,
				"c": 0.03916540155546898,
				"b": 0.04830651293397433,
				"g": 0.010474486291269094
			},
			"PFN-r": {
				"u": 0.022842042883597813,
				"d": 0.02834230094458542,
				"s": 0.028913556418302015,
				"c": 0.03778502856767571,
				"b": 0.04530481241657659,
				"g": 0.011861936894740691
			},
			"ParticleNet-r": {
				"u": 0.016494226242768868,
				"d": 0.02354453080677852,
				"s": 0.021148210926280085,
				"c": 0.046643056951505835,
				"b": 0.05041985289174927,
				"g": 0.009226411760220949
			}
		}
	},
	"pt3eta1": {
		"improvement": {
			"Standard": 0.0,
			"PFN-r": -3.103517152787849,
			"ParticleNet-r": 0.2490073009358218
		},
		"median": {
			"Standard": {
				"u": 1.0336443344499424,
				"d": 0.9873749079024019,
				"s": 0.9895338115943466,
				"c": 1.0306200788565814,
				"b": 0.9999409124392026,
				"g": 0.9925066578786819
			},
			"PFN-r": {
				"u": 1.032879498480568,
				"d": 0.9862528585211797,
				"s": 0.9885728411965462,
				"c": 1.0321198823273061,
				"b": 0.9990174823799884,
				"g": 0.9920430957375532
			},
			"ParticleNet-r": {
				"u": 1.0306205770941053,
				"d": 0.9837882519280392,
				"s": 0.9855005440706672,
				"c": 1.0251093174038224,
				"b": 0.9960371838891315,
				"g": 0.9873576235473156
			}
		},
		"median_error": {
			"Standard": {
				"u": 0.012987019055583308,
				"d": 0.011533801977777532,
				"s": 0.01625516149776035,
				"c": 0.01688688704768483,
				"b": 0.009705692535444833,
				"g": 0.004706904962549184
			},
			"PFN-r": {
				"u": 0.012642156298988143,
				"d": 0.01347101862503411,
				"s": 0.016279880096437875,
				"c": 0.019333910252324202,
				"b": 0.017133740121254442,
				"g": 0.004510284216333159
			},
			"ParticleNet-r": {
				"u": 0.010438124355877028,
				"d": 0.014062656841072036,
				"s": 0.016559775028979783,
				"c": 0.01956848317046339,
				"b": 0.021827155875379135,
				"g": 0.004063676832551708
			}
		}
	},
	"pt3eta2": {
		"improvement": {
			"Standard": 0.0,
			"PFN-r": -2.09435285264874,
			"ParticleNet-r": -0.15549664350333892
		},
		"median": {
			"Standard": {
				"u": 1.025675603842716,
				"d": 1.0400344327319626,
				"s": 0.9904418145699064,
				"c": 0.9798124119497998,
				"b": 1.0340018085096665,
				"g": 0.9987230083157835
			},
			"PFN-r": {
				"u": 1.0222406099108794,
				"d": 1.0395531355169938,
				"s": 0.9887528988633096,
				"c": 0.9776757393991458,
				"b": 1.0354200682267392,
				"g": 0.9973125211041556
			},
			"ParticleNet-r": {
				"u": 1.022704563653715,
				"d": 1.0364568148970472,
				"s": 0.9864135885997092,
				"c": 0.9761610998484648,
				"b": 1.0288390768922613,
				"g": 0.9944878688151603
			}
		},
		"median_error": {
			"Standard": {
				"u": 0.018874719427228504,
				"d": 0.01972729620561241,
				"s": 0.024768223590373277,
				"c": 0.01648667987790986,
				"b": 0.02728202094973619,
				"g": 0.0070600122836241555
			},
			"PFN-r": {
				"u": 0.02434157106716728,
				"d": 0.019244819934632756,
				"s": 0.020128155253645953,