{
	"pt1eta1": {
		"improvement": {
			"Standard": 0.0,
			"PFN-r": -7.731396800295842,
			"ParticleNet-r": -1.7421445974405536
		},
		"median": {
			"Standard": {
				"u": 1.019403918020249,
				"d": 1.0155380458446912,
				"s": 1.000202662864349,
				"c": 1.0082264896236608,
				"b": 1.004954114109846,
				"g": 0.9971022340807452
			},
			"PFN-r": {
				"u": 1.0225876237598537,
				"d": 1.0180694333142541,
				"s": 1.0016519268290214,
				"c": 1.009449387863864,
				"b": 1.0053153905536336,
				"g": 0.999066813798321
			},
			"ParticleNet-r": {
				"u": 1.0081662846930672,
				"d": 1.0016958869565808,
				"s": 0.9894982828466484,
				"c": 0.9970198493464455,
				"b": 0.9903256112338783,
				"g": 0.9854359828407049
			}
		},
		"median_error": {
			"Standard": {
				"u": 0.00396504136224754,
				"d": 0.0022622047431902284,
				"s": 0.005452513450849233,
				"c": 0.004045017686212234,
				"b": 0.0052271060198199,
				"g": 0.0019183959775505208
			},
			"PFN-r": {
				"u": 0.004695447954267822,
				"d": 0.0033829927804016253,
				"s": 0.006617155731143388,
				"c": 0.004376806484501844,
				"b": 0.0062233743381404655,
				"g": 0.0017225094143434312
			},
			"ParticleNet-r": {
				"u": 0.0050413219920454055,
				"d": 0.0038194270505631078,
				"s": 0.006544817967070302,
				"c": 0.003250373764730442,
				"b": 0.005239659466015835,
				"g": 0.0015488890095127976
			}
		}
	},
	"pt1eta2": {
		"improvement": {
			"Standard": 0.0,
			"PFN-r": 4.10066729928078,
			"ParticleNet-r": -15.738289398556926
		},
		"median": {
			"Standard": {
				"u": 1.0175663876620837,
				"d": 1.0221578422001896,
				"s": 1.0037331871368347,
				"c": 1.0023560555076334,
				"b": 1.008234715763283,
				"g": 0.9979067722415956
			},
			"PFN-r": {
				"u": 1.0165037412832827,
				"d": 1.0220005391027303,
				"s": 1.0034620404913916,
				"c": 1.004681190738916,
				"b": 1.0060687201152607,
				"g": 0.9983352557867627
			},
			"ParticleNet-r": {
				"u": 1.0114199899433691,
				"d": 1.0146036482439413,
				"s": 0.9950662648386432,
				"c": 0.9932351414690243,
				"b": 1.0044277410692715,
				"g": 0.9902855397461189
			}
		},
		"median_error": {
			"Standard": {
				"u": 0.005763309122938177,
				"d": 0.004892069298650036,
				"s": 0.007710723606444164,
				"c": 0.006936346739965084,
				"b": 0.016491352545309812,
				"g": 0.0025206981714845996
			},
			"PFN-r": {
				"u": 0.006498846855284472,
				"d": 0.006301544740268425,
				"s": 0.00885092610503199,
				"c": 0.008383442017059168,
				"b": 0.020644276599118976,
				"g": 0.0027767097152769735
			},
			"ParticleNet-r": {
				"u": 0.006282538302324946,
				"d": 0.0041838728823610175,
				"s": 0.009343644403273,
				"c": 0.00794614747554253,
				"b": 0.019868138968009205,
				"g": 0.0031040660219606654
			}
		}
	},
	"pt2eta1": {
		"improvement": {
			"Standard": 0.0,
			"PFN-r": -0.3671861982861069,
			"ParticleNet-r": 2.098376900787824
		},
		"median": {
			"Standard": {
				"u": 1.065194012448439,
				"d": 1.0734791064367353,
				"s": 1.02198119281903,
				"c": 1.0175416910642792,
				"b": 1.0165895567922067,
				"g": 1.0195931006585344
			},
			"PFN-r": {
				"u": 1.0636878905529288,
				"d": 1.0728381113104708,
				"s": 1.0196513659156685,
				"c": 1.0159555550675932,
				"b": 1.0169123987439697,
				"g": 1.0181515907558278
			},
			"ParticleNet-r": {
				"u": 1.0605143840399958,
				"d": 1.068729164912144,
				"s": 1.0190686486885907,
				"c": 1.0130776926816758,
				"b": 1.0135047638247867,
				"g": 1.0154264780695348
			}
		},
		"median_error": {
			"Standard": {
				"u": 0.01379692170062015,
				"d": 0.027353588203174007,
				"s": 0.03178674330517868,
				"c": 0.014303007881091937,
				"b": 0.018399406954364213,
				"g": 0.009055951961450535
			},
			"PFN-r": {
				"u": 0.012494320246432569,
				"d": 0.029684598791552688,
				"s": 0.03312153574079093,
				"c": 0.016732101563018274,
				"b": 0.01344523518971982,
				"g": 0.009400853628287477
			},
			"ParticleNet-r": {
				"u": 0.01335634506701456,
				"d": 0.029057897413182036,
				"s": 0.030828060992046998,
				"c": 0.014197079382011268,
				"b": 0.02379010210363364,
				"g": 0.00789229493289656
			}
		}
	},
	"pt2eta2": {
		"improvement": {
			"Standard": 0.0,
			"PFN-r": 0.8900655542131042,
			"ParticleNet-r": -0.47278632205218774
		},
		"median": {
			"Standard": {
				"u": 1.0438824494197176,
				"d": 1.1146320827045972,
				"s": 1.0368931228961358,
				"c": 1.0822764689844009,
				"b": 1.0898137279083715,
				"g": 1.0418111811565973
			},
			"PFN-r": {
				"u": 1.0415967164578381,
				"d": 1.1118465498213626,
				"s": 1.033674698017132,
				"c": 1.0804889327831886,
				"b": 1.0856866888698964,
				"g": 1.0400761446548228
			},
			"ParticleNet-r": {
				"u": 1.0408527923639017,
				"d": 1.1110436619472106,
				"s": 1.0334703751625958,
				"c": 1.0786059882080465,
				"b": 1.0867735654586799,
				"g": 1.0371885116453736
			}
		},
		"median_error": {
			"Standard": {
				"u": 0.023239540882322905,
				"d": 0.02959950146196777,
				"s": 0.022898259364863963,
				"c": 0.04078375785580767,
				"b": 0.05992819333432265,
				"g": 0.01129918172169207
			},
			"PFN-r": {
				"u": 0.029477822340395747,
				"d": 0.02458505850220665,
				"s": 0.021796672025491817,
				"c": 0.04191883095974951,
				"b": 0.05379633410527036,
				"g": 0.009731735994596263
			},
			"ParticleNet-r": {
				"u": 0.020529958104778565,
				"d": 0.022490195532359585,
				"s": 0.02263271195631407,
				"c": 0.044763631558771555,
				"b": 0.04308255427226178,
				"g": 0.010828476960224466
			}
		}
	},
	"pt3eta1": {
		"improvement": {
			"Standard": 0.0,
			"PFN-r": -3.103517152787849,
			"ParticleNet-r": 0.2490073009358218
		},
		"median": {
			"Standard": {
				"u": 1.0336443344499424,
				"d": 0.9873749079024019,
				"s": 0.9895338115943466,
				"c": 1.0306200788565814,
				"b": 0.9999409124392026,
				"g": 0.9925066578786819
			},
			"PFN-r": {
				"u": 1.032879498480568,
				"d": 0.9862528585211797,
				"s": 0.9885728411965462,
				"c": 1.0321198823273061,
				"b": 0.9990174823799884,
				"g": 0.9920430957375532
			},
			"ParticleNet-r": {
				"u": 1.0306205770941053,
				"d": 0.9837882519280392,
				"s": 0.9855005440706672,
				"c": 1.0251093174038224,
				"b": 0.9960371838891315,
				"g": 0.9873576235473156
			}
		},
		"median_error": {
			"Standard": {
				"u": 0.014512288315531746,
				"d": 0.013437306130319692,
				"s": 0.013842024854984168,
				"c": 0.016859861757027975,
				"b": 0.014173363263041748,
				"g": 0.004029808872138391
			},
			"PFN-r": {
				"u": 0.010619969588166958,
				"d": 0.012906937755277936,
				"s": 0.016087817320038705,
				"c": 0.020978111057255337,
				"b": 0.014808161068795705,
				"g": 0.0049476367962939345
			},
			"ParticleNet-r": {
				"u": 0.0121329701097528,
				"d": 0.01340573333967473,
				"s": 0.017126941610591966,
				"c": 0.019046403405096158,
				"b": 0.018911871154725916,
				"g": 0.003921744920632997
			}
		}
	},
	"pt3eta2": {
		"improvement": {
			"Standard": 0.0,
			"PFN-r": -2.09435285264874,
			"ParticleNet-r": -0.15549664350333892
		},
		"median": {
			"Standard": {
				"u": 1.025675603842716,
				"d": 1.0400344327319626,
				"s": 0.9904418145699064,
				"c": 0.9798124119497998,
				"b": 1.0340018085096665,
				"g": 0.9987230083157835
			},
			"PFN-r": {
				"u": 1.0222406099108794,
				"d": 1.0395531355169938,
				"s": 0.9887528988633096,
				"c": 0.9776757393991458,
				"b": 1.0354200682267392,
				"g": 0.9973125211041556
			},
			"ParticleNet-r": {
				"u": 1.022704563653715,
				"d": 1.0364568148970472,
				"s": 0.9864135885997092,
				"c": 0.9761610998484648,
				"b": 1.0288390768922613,
				"g": 0.9944878688151603
			}
		},
		"median_error": {
			"Standard": {
				"u": 0.026100043019705282,
				"d": 0.019355343664951775,
				"s": 0.017976859326367296,
				"c": 0.020493528152587384,
				"b": 0.025109844576601884,
				"g": 0.008030002528834039
			},
			"PFN-r": {
				"u": 0.027160784685029245,
				"d": 0.018437064495834658,
				"s": 0.024653148661444902,