{
	"pt1eta1": {
		"improvement": {
			"Standard": 0.0,
			"PFN-r": 55.58102676565433
		},
		"median": {
			"Standard": {
				"u": 1.0167164003170508,
				"d": 1.0173599097109398,
				"s": 1.0035692596820156,
				"c": 0.9968972599345497,
				"b": 0.9937614671070139,
				"g": 0.9879918202935558
			},
			"PFN-r": {
				"u": 1.0057313729553017,
				"d": 1.0049600736317483,
				"s": 0.9964364110034019,
				"c": 0.9974227699304611,
				"b": 0.9954280208568391,
				"g": 0.9927882165859521
			}
		},
		"median_error": {
			"Standard": {
				"u": 0.0007835194367339902,
				"d": 0.000581585397127302,
				"s": 0.0014072363367827957,
				"c": 0.0008353791223666327,
				"b": 0.0006314555768342282,
				"g": 0.00039752199239881326
			},
			"PFN-r": {
				"u": 0.0008698957758493332,
				"d": 0.0007254567811439526,
				"s": 0.0011142927619052295,
				"c": 0.0006558340793113451,
				"b": 0.0006580740915922712,
				"g": 0.00043817074028595085
			}
		}
	},
	"pt1eta2": {
		"improvement": {
			"Standard": 0.0,
			"PFN-r": 29.050044338387803
		},
		"median": {
			"Standard": {
				"u": 1.0382628392531,
				"d": 1.0265010862507362,
				"s": 1.0222350402801261,
				"c": 1.006880738218966,
				"b": 0.9704553151549257,
				"g": 0.977473983220407
			},
			"PFN-r": {
				"u": 1.0276397982059984,
				"d": 1.0188140864758628,
				"s": 1.0047915199310766,
				"c": 1.000182921247991,
				"b": 0.9725421678069515,
				"g": 0.9847323289083691
			}
		},
		"median_error": {
			"Standard": {
				"u": 0.007853591774804448,
				"d": 0.003632486345863667,
				"s": 0.009884820576917173,
				"c": 0.0050983880479589915,
				"b": 0.0044221829940439255,
				"g": 0.00351670561559365
			},
			"PFN-r": {
				"u": 0.005846067987051382,
				"d": 0.005783834047083516,
				"s": 0.010739874121398674,
				"c": 0.003779729754810276,
				"b": 0.0061921865399837146,
				"g": 0.004536795967790993
			}
		}
	},
	"pt2eta1": {
		"improvement": {
			"Standard": 0.0,
			"PFN-r": 9.88244916813985
		},
		"median": {
			"Standard": {
				"u": 1.0388785945447552,
				"d": 1.0565989193206629,
				"s": 1.0177828501413093,
				"c": 1.0051765130356562,
				"b": 1.0032866356288355,
				"g": 1.0014015760647177
			},
			"PFN-r": {
				"u": 1.045408235835552,
				"d": 1.04738915283161,
				"s": 1.020041312664945,
				"c": 1.0079083439229946,
				"b": 1.010280639478324,
				"g": 1.0001958044244479
			}
		},
		"median_error": {
			"Standard": {
				"u": 0.009000726042734887,
				"d": 0.00649855963745998,
				"s": 0.012479634588493828,
				"c": 0.008412708373314476,
				"b": 0.009605672395875736,
				"g": 0.005451345517295381
			},
			"PFN-r": {
				"u": 0.007943896777562073,
				"d": 0.00651619118087285,
				"s": 0.008974036829363433,
				"c": 0.007507525185440729,
				"b": 0.009331242253088904,
				"g": 0.008264595855830554
			}
		}
	},
	"pt2eta2": {
		"improvement": {
			"Standard": 0.0,
			"PFN-r": 12.573535332528852
		},
		"median": {
			"Standard": {
				"u": 1.0525564794454223,
				"d": 1.0330170717776226,
				"s": 1.0096334544835806,
				"c": 0.9920752094656822,
				"b": 0.9544570855275544,
				"g": 0.979212213614152
			},
			"PFN-r": {
				"u": 1.0544187005158594,
				"d": 1.04343553445836,
				"s": 1.0014975435109834,
				"c": 1.0059334216279299,
				"b": 0.9721525964556633,
				"g": 0.9938923031272437
			}
		},
		"median_error": {
			"Standard": {
				"u": 0.01374365157947436,
				"d": 0.015453410224469685,
				"s": 0.024145509684316967,
				"c": 0.007666285499878383,
				"b": 0.010524155473892741,
				"g": 0.010210896146911752
			},
			"PFN-r": {
				"u": 0.01568997639942912,
				"d": 0.008977973467424292,
				"s": 0.028674429031006202,
				"c": 0.0074374945600710375,
				"b": 0.013871266500892905,
				"g": 0.009635536122895421
			}
		}
	},
	"pt3eta1": {
		"improvement": {
			"Standard": 0.0,
			"PFN-r": 34.258510385445284
		},
		"median": {
			"Standard": {
				"u": 1.0299507423112857,
				"d": 1.0341557128510224,
				"s": 1.012324808002265,
				"c": 0.9992467095425712,
				"b": 0.987763802294384,
				"g": 0.9871204960322346
			},
			"PFN-r": {
				"u": 1.0299382038425784,
				"d": 1.0253864781660087,
				"s": 1.0094888383988931,
				"c": 1.0058719622048549,
				"b": 1.0004351026995906,
				"g": 0.9939728931478192
			}
		},
		"median_error": {
			"Standard": {
				"u": 0.0056732564561569,
				"d": 0.003339429583117256,
				"s": 0.008023613123861444,
				"c": 0.00424361249596581,
				"b": 0.0031529303509020023,
				"g": 0.002801030497835963
			},
			"PFN-r": {
				"u": 0.00499500507047226,
				"d": 0.004504541058602993,
				"s": 0.004357530706317321,
				"c": 0.004170778521665085,
				"b": 0.004008468681047022,
				"g": 0.0024353941342491296
			}
		}
	},
	"pt3eta2": {
		"improvement": {
			"Standard": 0.0,
			"PFN-r": 28.46712492086492
		},
		"median": {
			"Standard": {
				"u": 1.0468905862216424,
				"d": 1.0288212521117028,
				"s": 1.032105307448366,
				"c": 1.0087222057502216,
				"b": 0.9707438517752224,
				"g": 0.9848688261686835
			},
			"PFN-r": {
				"u": 1.0253670631635412,
				"d": 1.0196849224037106,
				"s": 1.011868060176469,
				"c": 0.9982276215828296,
				"b": 0.9661427355015796,
				"g": 0.9899127013594831
			}
		},
		"median_error": {
			"Standard": {
				"u": 0.011952743416611157,
				"d": 0.008068984098993948,
				"s": 0.014291420333268842,
				"c": 0.009952320380806791,
				"b": 0.009053794896763067,
				"g": 0.006897002858667276
			},
			"PFN-r": {
				"u": 0.00579990799985315,
				"d": 0.0070125127496524,
				"s": 0.014676001348994142,
				"c": 0.0042720316053335245,
				"b": 0.009277675681082067,
				"g": 0.004883933901723362
			}
		}
	},
	"pt4eta1": {
		"improvement": {
			"Standard": 0.0,
			"PFN-r": 40.09005350509648
		},
		"median": {
			"Standard": {
				"u": 1.022510398451227,
				"d": 1.0229060949815518,
				"s": 1.0013759994292075,
				"c": 0.9971269838408297,
				"b": 0.9950949110761922,
				"g": 0.9877153073295699
			},
			"PFN-r": {
				"u": 1.0113522449171675,
				"d": 1.010460091337407,
				"s": 0.9947264380066686,
				"c": 0.996647972915855,
				"b": 0.9953055362749036,
				"g": 0.9913314806032048
			}
		},
		"median_error": {
			"Standard": {
				"u": 0.002001824054145019,
				"d": 0.0013074529952161137,
				"s": 0.0029515122369373264,
				"c": 0.0010294088837869732,
				"b": 0.001995713031674452,
				"g": 0.0008521103093963142
			},
			"PFN-r": {
				"u": 0.002008942095382517,
				"d": 0.0014699418944519823,
				"s": 0.002590933107105724,
				"c": 0.0016636294164225315,
				"b": 0.0015044145646540674,
				"g": 0.0010932623065658305
			}
		}
	},
	"pt4eta2": {
		"improvement": {
			"Standard": 0.0,
			"PFN-r": 19.217441088265485
		},
		"median": {
			"Standard": {
				"u": 1.0285598115988024,
				"d": 1.0211162539167502,
				"s": 1.0163035854309495,
				"c": 1.0120773243310435,
				"b": 0.987936569772902,
				"g": 0.970190112236033
			},
			"PFN-r": {
				"u": 1.01380164275145,
				"d": 1.0017069093966975,
				"s": 0.9823310950589881,
				"c": 1.0012330862063412,
				"b": 0.9795852121391813,
				"g": 0.9676859327648785
			}
		},
		"median_error": {
			"Standard": {
				"u": 0.006589789203719286,
				"d": 0.0049931127549099966,
				"s": 0.022939103303979618,
				"c": 0.007212829500742578,
				"b": 0.008455091415235986,
				"g": 0.005901146285486094
			},
			"PFN-r": {
				"u": 0.008216471979499916,
				"d": 0.004011753175922968,
				"s": 0.025921318125308273,
				"c": 0.00861529944181171,
				"b": 0.0100125605528533,
				"g": 0.004704260678991659
			}
		}
	},
	"pt5eta1": {
		"improvement": {
			"Standard": 0.0,
			"PFN-r": 62.69202434047874
		},
		"median": {
			"Standard": {
				"u": 1.0137760066558141,
				"d": 1.0154591086071294,
				"s": 1.0003222773221492,
				"c": 0.9968248360375956,
				"b": 0.9936291628311051,
				"g": 0.9880657296279712
			},
			"PFN-r": {
				"u": 1.00077844321234,
				"d": 1.0017184343194598,
				"s": 0.9914729978720395,
				"c": 0.9968856126112648,
				"b": 0.9951869384943768,
				"g": 0.9929174346487678
			}
		},