{
	"pt1eta1": {
		"improvement": {
			"Baseline": 0.0,
			"PFN": 35.55497716970169,
			"ParticleNet": 36.0872329384297
		},
		"median": {
			"Baseline": {
				"u": 1.0181592814085771,
				"d": 1.0212229069010377,
				"s": 1.0011183523486313,
				"c": 1.0016633848522192,
				"b": 0.998866164812917,
				"g": 0.9959226287134179
			},
			"PFN": {
				"u": 1.0057284403629874,
				"d": 1.0079890608084674,
				"s": 0.9906467254802926,
				"c": 0.997582958100063,
				"b": 0.993653957163799,
				"g": 0.99322596907683
			},
			"ParticleNet": {
				"u": 1.006592738939784,
				"d": 1.008471626599225,
				"s": 0.9920419285889267,
				"c": 0.9981132494041085,
				"b": 0.9944966488250914,
				"g": 0.9935836706665793
			}
		},
		"median_error": {
			"Baseline": {
				"u": 0.0008579881599425791,
				"d": 0.0007325248409811891,
				"s": 0.0007925833227563242,
				"c": 0.0007815901250504286,
				"b": 0.0008695982523231931,
				"g": 0.0003404986505306045
			},
			"PFN": {
				"u": 0.0005715491834929053,
				"d": 0.000642103282454504,
				"s": 0.0006168986605964099,
				"c": 0.000622452579387642,
				"b": 0.0011897621248572704,
				"g": 0.00035297675451576884
			},
			"ParticleNet": {
				"u": 0.0005752032097096821,
				"d": 0.00038864052292905785,
				"s": 0.000808578711027419,
				"c": 0.0006393451779953666,
				"b": 0.0009034601797188179,
				"g": 0.0003152111865950901
			}
		}
	},
	"pt1eta2": {
		"improvement": {
			"Baseline": 0.0,
			"PFN": 40.64440119762881,
			"ParticleNet": 39.48075264805101
		},
		"median": {
			"Baseline": {
				"u": 1.0283552316655167,
				"d": 1.0291040581788562,
				"s": 1.0124249392959404,
				"c": 1.0052929341031893,
				"b": 1.000489566177975,
				"g": 0.9950366874809335
			},
			"PFN": {
				"u": 1.0086891933714648,
				"d": 1.0060130020705516,
				"s": 0.9931288688570705,
				"c": 0.9961928545372157,
				"b": 0.9920595922313404,
				"g": 0.9865321219486884
			},
			"ParticleNet": {
				"u": 1.0092645370410385,
				"d": 1.0078880799154812,
				"s": 0.9938012110849036,
				"c": 0.9971493660936381,
				"b": 0.9937762741869821,
				"g": 0.9868819177094035
			}
		},
		"median_error": {
			"Baseline": {
				"u": 0.001337128621412737,
				"d": 0.0006952964823986858,
				"s": 0.0019375881105316696,
				"c": 0.0007980489638539026,
				"b": 0.002329803290619196,
				"g": 0.0004337625203926965
			},
			"PFN": {
				"u": 0.0011656328706314374,
				"d": 0.0006307623018445633,
				"s": 0.0014332815704086144,
				"c": 0.0011605309271765494,
				"b": 0.0018897372571712319,
				"g": 0.0006961639690783677
			},
			"ParticleNet": {
				"u": 0.0011212520040196122,
				"d": 0.0006071603371447335,
				"s": 0.0016014778912738076,
				"c": 0.0011473570935417263,
				"b": 0.0019279702758529696,
				"g": 0.0005616258030528027
			}
		}
	},
	"pt2eta1": {
		"improvement": {
			"Baseline": 0.0,
			"PFN": 8.044267008150497,
			"ParticleNet": 6.709651495002877
		},
		"median": {
			"Baseline": {
				"u": 1.0348705684134663,
				"d": 1.038650600313207,
				"s": 1.016131738097248,
				"c": 1.015663235140718,
				"b": 1.0054625521051799,
				"g": 1.006187816466967
			},
			"PFN": {
				"u": 1.018132182973791,
				"d": 1.0234780606208578,
				"s": 0.9980201304294822,
				"c": 1.0041157825000142,
				"b": 0.990739985952739,
				"g": 0.995081211605793
			},
			"ParticleNet": {
				"u": 1.02125092688262,
				"d": 1.0248008970231615,
				"s": 1.0006541328313543,
				"c": 1.0049175586533288,
				"b": 0.9939115191538506,
				"g": 0.9959744388967502
			}
		},
		"median_error": {
			"Baseline": {
				"u": 0.001715999295933073,
				"d": 0.0015344078190876454,
				"s": 0.002290944134424902,
				"c": 0.001995351374149645,
				"b": 0.0027292138481552044,
				"g": 0.0008239864313408625
			},
			"PFN": {
				"u": 0.002479916756709005,
				"d": 0.0014339590779660647,
				"s": 0.0025383922641459343,
				"c": 0.0017345340826576713,
				"b": 0.002849554267475511,
				"g": 0.00043897610899125395
			},
			"ParticleNet": {
				"u": 0.0018998996903803185,
				"d": 0.0019425900304490494,
				"s": 0.002031558297895404,
				"c": 0.0017508478343811235,
				"b": 0.0022466909962478077,
				"g": 0.000577564752032349
			}
		}
	},
	"pt2eta2": {
		"improvement": {
			"Baseline": 0.0,
			"PFN": 12.009633788823859,
			"ParticleNet": 17.97488209284538
		},
		"median": {
			"Baseline": {
				"u": 1.0572960343384272,
				"d": 1.0596880887992972,
				"s": 1.0343991570274118,
				"c": 1.0254128148493924,
				"b": 1.0182257733261082,
				"g": 1.0106088666644388
			},
			"PFN": {
				"u": 1.0266832620354815,
				"d": 1.02571076839204,
				"s": 1.000213491857021,
				"c": 0.9985386696886976,
				"b": 0.9918171280110741,
				"g": 0.9860135186594166
			},
			"ParticleNet": {
				"u": 1.0248154555554114,
				"d": 1.0267413144283442,
				"s": 1.0030392393652745,
				"c": 1.0001433347604936,
				"b": 0.9944122424035032,
				"g": 0.9860050605586193
			}
		},
		"median_error": {
			"Baseline": {
				"u": 0.0033921052591968713,
				"d": 0.002624015776937047,
				"s": 0.0034630040433291757,
				"c": 0.0030683975505640276,
				"b": 0.0038433991036582313,
				"g": 0.0011824350888314412
			},
			"PFN": {
				"u": 0.002217043281242147,
				"d": 0.0021528592837045638,
				"s": 0.003660132673983993,
				"c": 0.002359796977036509,
				"b": 0.004060113651401551,
				"g": 0.0008478090743936498
			},
			"ParticleNet": {
				"u": 0.0021230862688816935,
				"d": 0.0031873534420347564,
				"s": 0.003038442834390856,
				"c": 0.003981959980722132,
				"b": 0.0044646445187388134,
				"g": 0.0010277831929681842
			}
		}
	},
	"pt3eta1": {
		"improvement": {
			"Baseline": 0.0,
			"PFN": 23.25081987629002,
			"ParticleNet": 24.5242416565852
		},
		"median": {
			"Baseline": {
				"u": 1.0189067627110502,
				"d": 1.0266595022245657,
				"s": 0.9956655587854206,
				"c": 1.000418816960688,
				"b": 0.996136848363856,
				"g": 0.9922297743406288
			},
			"PFN": {
				"u": 1.0090969403048802,
				"d": 1.0153262288998068,
				"s": 0.9872088570718655,
				"c": 0.9966484416357926,
				"b": 0.9917574994505866,
				"g": 0.9913543395423714
			},
			"ParticleNet": {
				"u": 1.009498219561578,
				"d": 1.0155183248398774,
				"s": 0.9885229031012017,
				"c": 0.9968354036400122,
				"b": 0.9922678278448543,
				"g": 0.991888259364747
			}
		},
		"median_error": {
			"Baseline": {
				"u": 0.001406133853962518,
				"d": 0.0013693013433025939,
				"s": 0.0015150152667284989,
				"c": 0.001459556283464431,
				"b": 0.0018734859200467736,
				"g": 0.00047019460120206166
			},
			"PFN": {
				"u": 0.001111931611675493,
				"d": 0.0010425509168491042,
				"s": 0.0017770485081881641,
				"c": 0.0013923187798645996,
				"b": 0.0018527565570170307,
				"g": 0.0005157633442542703
			},
			"ParticleNet": {
				"u": 0.0013004861154240414,
				"d": 0.0008282701053873288,
				"s": 0.0009447804844501697,
				"c": 0.0012395878225030183,
				"b": 0.0019524103163943562,
				"g": 0.000477753661965788
			}
		}
	},
	"pt3eta2": {
		"improvement": {
			"Baseline": 0.0,
			"PFN": 49.590466043615145,
			"ParticleNet": 45.06983616423933
		},
		"median": {
			"Baseline": {
				"u": 1.0252935111444788,
				"d": 1.0298509696289917,
				"s": 0.9984723644593699,
				"c": 0.998472873671655,
				"b": 0.9953471031873372,
				"g": 0.9866537602863708
			},
			"PFN": {
				"u": 1.0068083957555984,
				"d": 1.0069187450323485,
				"s": 0.9864979013955353,
				"c": 0.995549080787916,
				"b": 0.9940650017094843,
				"g": 0.9851329741011037
			},
			"ParticleNet": {
				"u": 1.008081455010623,
				"d": 1.0090123561796904,
				"s": 0.986359496022656,
				"c": 0.9972747897499589,
				"b": 0.993833653916062,
				"g": 0.9860775522330018
			}
		},
		"median_error": {
			"Baseline": {
				"u": 0.0015761145305876604,
				"d": 0.0015472894344759176,
				"s": 0.002356515424433194,
				"c": 0.0026008154226687175,
				"b": 0.0028628951706153125,
				"g": 0.0008148920416233174
			},
			"PFN": {
				"u": 0.0017793194116202753,
				"d": 0.0009886769233989645,
				"s": 0.0017703909581820601,