{
	"pt1eta1": {
		"improvement": {
			"Standard": 0.0,
			"PFN-r": 55.58102676565433,
			"ParticleNet-r": 48.81896435190459
		},
		"median": {
			"Standard": {
				"u": 1.0167164003170508,
				"d": 1.0173599097109398,
				"s": 1.0035692596820156,
				"c": 0.9968972599345497,
				"b": 0.9937614671070139,
				"g": 0.9879918202935558
			},
			"PFN-r": {
				"u": 1.0057313729553017,
				"d": 1.0049600736317483,
				"s": 0.9964364110034019,
				"c": 0.9974227699304611,
				"b": 0.9954280208568391,
				"g": 0.9927882165859521
			},
			"ParticleNet-r": {
				"u": 1.0044894103239201,
				"d": 1.004929478943625,
				"s": 0.9941616883116867,
				"c": 0.9958425876407294,
				"b": 0.993364837238885,
				"g": 0.99017727019535
			}
		},
		"median_error": {
			"Standard": {
				"u": 0.0009425491143025617,
				"d": 0.0007698744324132131,
				"s": 0.0014295526538333737,
				"c": 0.0007699793502721316,
				"b": 0.0006379174568860709,
				"g": 0.0005389273987375324
			},
			"PFN-r": {
				"u": 0.000841944988479254,
				"d": 0.0007169074310064668,
				"s": 0.0017760072587894105,
				"c": 0.000807664853571728,
				"b": 0.0006972832652409736,
				"g": 0.0004063281585672335
			},
			"ParticleNet-r": {
				"u": 0.0007967932582666654,
				"d": 0.0006230680535293697,
				"s": 0.0014279383585832273,
				"c": 0.0006810539384325058,
				"b": 0.0006798887067916207,
				"g": 0.000375894242124481
			}
		}
	},
	"pt1eta2": {
		"improvement": {
			"Standard": 0.0,
			"PFN-r": 29.050044338387803,
			"ParticleNet-r": 15.49663103965414
		},
		"median": {
			"Standard": {
				"u": 1.0382628392531,
				"d": 1.0265010862507362,
				"s": 1.0222350402801261,
				"c": 1.006880738218966,
				"b": 0.9704553151549257,
				"g": 0.977473983220407
			},
			"PFN-r": {
				"u": 1.0276397982059984,
				"d": 1.0188140864758628,
				"s": 1.0047915199310766,
				"c": 1.000182921247991,
				"b": 0.9725421678069515,
				"g": 0.9847323289083691
			},
			"ParticleNet-r": {
				"u": 1.0257521200419424,
				"d": 1.0171455592566772,
				"s": 1.0078976164452205,
				"c": 0.9922484804013725,
				"b": 0.9685354763515478,
				"g": 0.978307240433048
			}
		},
		"median_error": {
			"Standard": {
				"u": 0.008274156119578772,
				"d": 0.0030330986518112674,
				"s": 0.013299165079958004,
				"c": 0.005561784509272135,
				"b": 0.006231818052876305,
				"g": 0.0044141487106581796
			},
			"PFN-r": {
				"u": 0.006559301272321872,
				"d": 0.005391087744247648,
				"s": 0.012255688735207767,
				"c": 0.003686637703355499,
				"b": 0.006430840895285954,
				"g": 0.0038533768915745047
			},
			"ParticleNet-r": {
				"u": 0.00725796188179372,
				"d": 0.004827015793791188,
				"s": 0.009446977842290205,
				"c": 0.003295563314491074,
				"b": 0.004213694006971696,
				"g": 0.004339568702058207
			}
		}
	},
	"pt2eta1": {
		"improvement": {
			"Standard": 0.0,
			"PFN-r": 9.88244916813985,
			"ParticleNet-r": 20.19206335270568
		},
		"median": {
			"Standard": {
				"u": 1.0388785945447552,
				"d": 1.0565989193206629,
				"s": 1.0177828501413093,
				"c": 1.0051765130356562,
				"b": 1.0032866356288355,
				"g": 1.0014015760647177
			},
			"PFN-r": {
				"u": 1.045408235835552,
				"d": 1.04738915283161,
				"s": 1.020041312664945,
				"c": 1.0079083439229946,
				"b": 1.010280639478324,
				"g": 1.0001958044244479
			},
			"ParticleNet-r": {
				"u": 1.041024616623563,
				"d": 1.0496221532912224,
				"s": 1.0232196190091976,
				"c": 1.0136400863587052,
				"b": 1.0154731265263783,
				"g": 0.998628399416218
			}
		},
		"median_error": {
			"Standard": {
				"u": 0.011943785959228865,
				"d": 0.006204958346325864,
				"s": 0.006493315740513993,
				"c": 0.007231713974145063,
				"b": 0.008809478234682137,
				"g": 0.0064355710677386916
			},
			"PFN-r": {
				"u": 0.007112415239468399,
				"d": 0.006482785645935367,
				"s": 0.00879824063477951,
				"c": 0.008276921811516305,
				"b": 0.006751407633580792,
				"g": 0.0049737824988253035
			},
			"ParticleNet-r": {
				"u": 0.00854514332348876,
				"d": 0.009990844889885097,
				"s": 0.014737136021651996,
				"c": 0.009433545303687882,
				"b": 0.006071883137847971,
				"g": 0.004955771141969814
			}
		}
	},
	"pt2eta2": {
		"improvement": {
			"Standard": 0.0,
			"PFN-r": 12.573535332528852,
			"ParticleNet-r": 10.145862736894962
		},
		"median": {
			"Standard": {
				"u": 1.0525564794454223,
				"d": 1.0330170717776226,
				"s": 1.0096334544835806,
				"c": 0.9920752094656822,
				"b": 0.9544570855275544,
				"g": 0.979212213614152
			},
			"PFN-r": {
				"u": 1.0544187005158594,
				"d": 1.04343553445836,
				"s": 1.0014975435109834,
				"c": 1.0059334216279299,
				"b": 0.9721525964556633,
				"g": 0.9938923031272437
			},
			"ParticleNet-r": {
				"u": 1.0475921696215367,
				"d": 1.0292877521780117,
				"s": 1.0066981164133324,
				"c": 0.9915568871108735,
				"b": 0.9638549722666028,
				"g": 0.9758971140823708
			}
		},
		"median_error": {
			"Standard": {
				"u": 0.014347271234430891,
				"d": 0.016406941902735468,
				"s": 0.01817492947873626,
				"c": 0.011066261596584196,
				"b": 0.011301308641062439,
				"g": 0.009909919218457708
			},
			"PFN-r": {
				"u": 0.014678893074579069,
				"d": 0.008949919274152179,
				"s": 0.020859260711761436,
				"c": 0.0060733704050476775,
				"b": 0.012985144683675858,
				"g": 0.007665911964780834
			},
			"ParticleNet-r": {
				"u": 0.012796883106705594,
				"d": 0.016155979361398735,
				"s": 0.02019355811582271,
				"c": 0.00636265990281227,
				"b": 0.011851125389325826,
				"g": 0.011155569674800591
			}
		}
	},
	"pt3eta1": {
		"improvement": {
			"Standard": 0.0,
			"PFN-r": 34.258510385445284,
			"ParticleNet-r": 35.583666374488274
		},
		"median": {
			"Standard": {
				"u": 1.0299507423112857,
				"d": 1.0341557128510224,
				"s": 1.012324808002265,
				"c": 0.9992467095425712,
				"b": 0.987763802294384,
				"g": 0.9871204960322346
			},
			"PFN-r": {
				"u": 1.0299382038425784,
				"d": 1.0253864781660087,
				"s": 1.0094888383988931,
				"c": 1.0058719622048549,
				"b": 1.0004351026995906,
				"g": 0.9939728931478192
			},
			"ParticleNet-r": {
				"u": 1.0275440357129995,
				"d": 1.0206251096197627,
				"s": 1.0022978943909018,
				"c": 1.003184808469745,
				"b": 1.002577054111767,
				"g": 0.9894314230668746
			}
		},
		"median_error": {
			"Standard": {
				"u": 0.0042206206528250375,
				"d": 0.0031755006820076035,
				"s": 0.008493048284366173,
				"c": 0.004553005144149746,
				"b": 0.003109884076176815,
				"g": 0.003069001974860181
			},
			"PFN-r": {
				"u": 0.004750256686217796,
				"d": 0.0035328166997749145,
				"s": 0.006529817512355704,
				"c": 0.0034074988286780716,
				"b": 0.004433921857713975,
				"g": 0.0030383692642072463
			},
			"ParticleNet-r": {
				"u": 0.003985211208450615,
				"d": 0.0033336701224010064,
				"s": 0.0064677662701437665,
				"c": 0.003486401947063368,
				"b": 0.003943796455395373,
				"g": 0.0029851452011224132
			}
		}
	},
	"pt3eta2": {
		"improvement": {
			"Standard": 0.0,
			"PFN-r": 28.46712492086492,
			"ParticleNet-r": 18.819504010395217
		},
		"median": {
			"Standard": {
				"u": 1.0468905862216424,
				"d": 1.0288212521117028,
				"s": 1.032105307448366,
				"c": 1.0087222057502216,
				"b": 0.9707438517752224,
				"g": 0.9848688261686835
			},
			"PFN-r": {
				"u": 1.0253670631635412,
				"d": 1.0196849224037106,
				"s": 1.011868060176469,
				"c": 0.9982276215828296,
				"b": 0.9661427355015796,
				"g": 0.9899127013594831
			},
			"ParticleNet-r": {
				"u": 1.022354106212772,
				"d": 1.018009039686235,
				"s": 1.0100767514779956,
				"c": 0.9882450828114385,
				"b": 0.9633201131035629,
				"g": 0.9823950894421959
			}
		},
		"median_error": {
			"Standard": {
				"u": 0.01612136875927618,
				"d": 0.007505626986258779,
				"s": 0.016457540235837155,
				"c": 0.009093445536450846,
				"b": 0.009276254883204823,
				"g": 0.007241505100324815
			},
			"PFN-r": {
				"u": 0.008047105340375157,
				"d": 0.00673753439160951,