{
	"pt1eta1": {
		"improvement": {
			"Standard": 0.0,
			"PFN-r": 27.914126373541816
		},
		"median": {
			"Standard": {
				"u": 1.0167164003170508,
				"d": 1.0173599097109398,
				"s": 1.0035692596820156,
				"c": 0.9968972599345497,
				"b": 0.9937614671070139,
				"g": 0.9879918202935558
			},
			"PFN-r": {
				"u": 1.0495290844785947,
				"d": 1.0517784199077012,
				"s": 1.0385257877785201,
				"c": 1.036758179479562,
				"b": 1.0336421998119616,
				"g": 1.0298982257899554
			}
		},
		"median_error": {
			"Standard": {
				"u": 0.0006655817360514376,
				"d": 0.0006947827220774419,
				"s": 0.0014374710935611578,
				"c": 0.0006699709456705012,
				"b": 0.0007196874741716895,
				"g": 0.0005540216515424912
			},
			"PFN-r": {
				"u": 0.000836890858410374,
				"d": 0.000743800748624929,
				"s": 0.0016198121565154295,
				"c": 0.0008428769556219417,
				"b": 0.000922601713641605,
				"g": 0.0004147654330678265
			}
		}
	},
	"pt1eta2": {
		"improvement": {
			"Standard": 0.0,
			"PFN-r": -4.2491025948925065
		},
		"median": {
			"Standard": {
				"u": 1.0382628392531,
				"d": 1.0265010862507362,
				"s": 1.0222350402801261,
				"c": 1.006880738218966,
				"b": 0.9704553151549257,
				"g": 0.977473983220407
			},
			"PFN-r": {
				"u": 1.021147778236093,
				"d": 1.015337481474348,
				"s": 1.0071737046670644,
				"c": 0.987115016123809,
				"b": 0.9506321231364092,
				"g": 0.9681060527072649
			}
		},
		"median_error": {
			"Standard": {
				"u": 0.007156824649202854,
				"d": 0.0036118522484832674,
				"s": 0.011448236529145069,
				"c": 0.0059537941417350864,
				"b": 0.006228563072569068,
				"g": 0.0037881105795095553
			},
			"PFN-r": {
				"u": 0.008009179692251359,
				"d": 0.0053414755724050115,
				"s": 0.012695562090322588,
				"c": 0.004961307112149022,
				"b": 0.004878245266422343,
				"g": 0.004144946453333559
			}
		}
	},
	"pt2eta1": {
		"improvement": {
			"Standard": 0.0,
			"PFN-r": -20.98841172459027
		},
		"median": {
			"Standard": {
				"u": 1.0388785945447552,
				"d": 1.0565989193206629,
				"s": 1.0177828501413093,
				"c": 1.0051765130356562,
				"b": 1.0032866356288355,
				"g": 1.0014015760647177
			},
			"PFN-r": {
				"u": 1.055557631125239,
				"d": 1.0679085038885916,
				"s": 1.0568814798507664,
				"c": 1.0233940350864408,
				"b": 1.0065815086832766,
				"g": 1.0186500087991588
			}
		},
		"median_error": {
			"Standard": {
				"u": 0.011474204975166595,
				"d": 0.0055590911874238095,
				"s": 0.011247050529513237,
				"c": 0.010599581411632097,
				"b": 0.0059947492474588995,
				"g": 0.006229568918155947
			},
			"PFN-r": {
				"u": 0.008741654661475287,
				"d": 0.008733609269638011,
				"s": 0.013884224002674323,
				"c": 0.006471839587902731,
				"b": 0.008715924383391143,
				"g": 0.005725670726399092
			}
		}
	},
	"pt2eta2": {
		"improvement": {
			"Standard": 0.0,
			"PFN-r": 7.434615777344633
		},
		"median": {
			"Standard": {
				"u": 1.0525564794454223,
				"d": 1.0330170717776226,
				"s": 1.0096334544835806,
				"c": 0.9920752094656822,
				"b": 0.9544570855275544,
				"g": 0.979212213614152
			},
			"PFN-r": {
				"u": 1.027971773244142,
				"d": 1.007257514373362,
				"s": 0.9913843152465087,
				"c": 0.9756159228088828,
				"b": 0.9275000530377844,
				"g": 0.9666340154641307
			}
		},
		"median_error": {
			"Standard": {
				"u": 0.011952473321063518,
				"d": 0.011995230493184485,
				"s": 0.024415226089878665,
				"c": 0.008896936686596007,
				"b": 0.012263294205335656,
				"g": 0.011594715306687547
			},
			"PFN-r": {
				"u": 0.019254883246994016,
				"d": 0.01609471825648967,
				"s": 0.02587284101361392,
				"c": 0.014498349685172432,
				"b": 0.01327746197341306,
				"g": 0.010920276935277513
			}
		}
	},
	"pt3eta1": {
		"improvement": {
			"Standard": 0.0,
			"PFN-r": 1.4534480752518397
		},
		"median": {
			"Standard": {
				"u": 1.0299507423112857,
				"d": 1.0341557128510224,
				"s": 1.012324808002265,
				"c": 0.9992467095425712,
				"b": 0.987763802294384,
				"g": 0.9871204960322346
			},
			"PFN-r": {
				"u": 1.0471669479535177,
				"d": 1.044578972875319,
				"s": 1.0420141344447593,
				"c": 1.0166089354990828,
				"b": 1.0084317377563772,
				"g": 1.0079060078143212
			}
		},
		"median_error": {
			"Standard": {
				"u": 0.005675404050671223,
				"d": 0.004941573686012621,
				"s": 0.007459084925808306,
				"c": 0.004122380698490282,
				"b": 0.0034587177425600617,
				"g": 0.0024523993234021138
			},
			"PFN-r": {
				"u": 0.004424076866414754,
				"d": 0.005186224193260973,
				"s": 0.006162193814258418,
				"c": 0.0036116050969117234,
				"b": 0.004404657191866175,
				"g": 0.0024683050658087136
			}
		}
	},
	"pt3eta2": {
		"improvement": {
			"Standard": 0.0,
			"PFN-r": -4.669225052312753
		},
		"median": {
			"Standard": {
				"u": 1.0468905862216424,
				"d": 1.0288212521117028,
				"s": 1.032105307448366,
				"c": 1.0087222057502216,
				"b": 0.9707438517752224,
				"g": 0.9848688261686835
			},
			"PFN-r": {
				"u": 1.0107755653081123,
				"d": 1.0163028835125012,
				"s": 1.0127104784528855,
				"c": 0.9773865624414806,
				"b": 0.9433451163761345,
				"g": 0.9688754766412818
			}
		},
		"median_error": {
			"Standard": {
				"u": 0.014140332153712597,
				"d": 0.008348398092649905,
				"s": 0.014265934319555562,
				"c": 0.011975783883521426,
				"b": 0.009928608586126757,
				"g": 0.007956079520609508
			},
			"PFN-r": {
				"u": 0.01079119055610016,
				"d": 0.008990836799545534,
				"s": 0.01413137200673909,
				"c": 0.008341816214879833,
				"b": 0.007705142151470173,
				"g": 0.005772204413974529
			}
		}
	},
	"pt4eta1": {
		"improvement": {
			"Standard": 0.0,
			"PFN-r": 18.610379987410507
		},
		"median": {
			"Standard": {
				"u": 1.022510398451227,
				"d": 1.0229060949815518,
				"s": 1.0013759994292075,
				"c": 0.9971269838408297,
				"b": 0.9950949110761922,
				"g": 0.9877153073295699
			},
			"PFN-r": {
				"u": 1.0391192370960018,
				"d": 1.037484127924583,
				"s": 1.027086879577071,
				"c": 1.0181593125606996,
				"b": 1.0151826256294267,
				"g": 1.0109231484044972
			}
		},
		"median_error": {
			"Standard": {
				"u": 0.0018421875845634674,
				"d": 0.0011386194320119022,
				"s": 0.0026484397040304856,
				"c": 0.0012614921026817439,
				"b": 0.0016542580493425464,
				"g": 0.0010092419548158914
			},
			"PFN-r": {
				"u": 0.001615453065350238,
				"d": 0.0020645407797079763,
				"s": 0.002701914265047325,
				"c": 0.0018133818646032095,
				"b": 0.0021549449131614273,
				"g": 0.0012292762262819056
			}
		}
	},
	"pt4eta2": {
		"improvement": {
			"Standard": 0.0,
			"PFN-r": 5.564596265543931
		},
		"median": {
			"Standard": {
				"u": 1.0285598115988024,
				"d": 1.0211162539167502,
				"s": 1.0163035854309495,
				"c": 1.0120773243310435,
				"b": 0.987936569772902,
				"g": 0.970190112236033
			},
			"PFN-r": {
				"u": 1.0282684358453655,
				"d": 1.0130810379993325,
				"s": 0.9968485877637094,
				"c": 1.008511780095998,
				"b": 0.9861996198840378,
				"g": 0.9649464505929457
			}
		},
		"median_error": {
			"Standard": {
				"u": 0.008978915326996304,
				"d": 0.005240659707092647,
				"s": 0.04405091692238748,
				"c": 0.006070835957299941,
				"b": 0.009143253105200323,
				"g": 0.005372177111851461
			},
			"PFN-r": {
				"u": 0.010386924950818242,
				"d": 0.005419116119514197,
				"s": 0.025011102086807607,
				"c": 0.006360317005829417,
				"b": 0.011293997446812733,
				"g": 0.00591022877468286
			}
		}
	},
	"pt5eta1": {
		"improvement": {
			"Standard": 0.0,
			"PFN-r": 42.73333430310885
		},
		"median": {
			"Standard": {
				"u": 1.0137760066558141,
				"d": 1.0154591086071294,
				"s": 1.0003222773221492,
				"c": 0.9968248360375956,
				"b": 0.9936291628311051,
				"g": 0.9880657296279712
			},
			"PFN-r": {
				"u": 1.0487525737479746,
				"d": 1.0502997123097653,
				"s": 1.0403905937920805,
				"c": 1.0407443713250937,
				"b": 1.0384605898482469,
				"g": 1.0329085879066944
			}
		},